"","pkg","q","time"
"1","duckplyr",1,0.721
"2","duckplyr",2,0.041999999999998
"3","duckplyr",3,0.140999999999998
"4","duckplyr",4,0.173000000000002
"5","duckplyr",5,0.155000000000001
"6","duckplyr",6,0.097999999999999
"7","duckplyr",7,0.190000000000001
"8","duckplyr",8,0.193999999999999
"9","duckplyr",9,0.234000000000002
"10","duckplyr",10,0.327000000000002
