"","pkg","q","time"
"1","dplyr",1,1.056
"2","dplyr",2,0.146000000000001
"3","dplyr",3,0.358000000000001
"4","dplyr",4,0.283999999999999
"5","dplyr",5,0.527000000000001
"6","dplyr",6,0.102999999999998
"7","dplyr",7,0.231999999999999
"8","dplyr",8,0.457999999999998
"9","dplyr",9,0.900000000000002
"10","dplyr",10,0.254999999999999
