"","pkg","q","time"
"1","data.table",1,0.336000000000002
"2","data.table",2,0.0869999999999997
"3","data.table",3,0.183999999999997
"4","data.table",4,0.143000000000001
"5","data.table",5,0.286000000000001
"6","data.table",6,0.0899999999999999
"7","data.table",7,0.186
"8","data.table",8,0.218
"9","data.table",9,0.637
"10","data.table",10,0.145
