"","pkg","q","time"
"1","data.table",1,0.332000000000001
"2","data.table",2,0.0919999999999987
"3","data.table",3,0.175999999999998
"4","data.table",4,0.157
"5","data.table",5,0.285
"6","data.table",6,0.0899999999999999
"7","data.table",7,0.175000000000001
"8","data.table",8,0.228999999999999
"9","data.table",9,0.619
"10","data.table",10,0.143999999999998
