"","pkg","q","time"
"1","arrow",1,0.124000000000001
"2","arrow",2,0.0950000000000006
"3","arrow",3,0.161
"4","arrow",4,0.126999999999999
"5","arrow",5,0.142000000000001
"6","arrow",6,0.0299999999999994
"7","arrow",7,0.16
"8","arrow",8,0.181999999999999
"9","arrow",9,1.019
"10","arrow",10,0.123000000000001
