"","pkg","q","time"
"1","duckplyr",1,0.0849999999999991
"2","duckplyr",2,0.048
"3","duckplyr",3,0.0649999999999995
"4","duckplyr",4,0.0500000000000007
"5","duckplyr",5,0.0720000000000027
"6","duckplyr",6,0.032
"7","duckplyr",7,0.0940000000000012
"8","duckplyr",8,0.088000000000001
"9","duckplyr",9,0.0839999999999996
"10","duckplyr",10,0.0589999999999975
