"","pkg","q","time"
"1","arrow",1,0.121
"2","arrow",2,0.109
"3","arrow",3,0.166
"4","arrow",4,0.127000000000001
"5","arrow",5,0.147
"6","arrow",6,0.0350000000000001
"7","arrow",7,0.17
"8","arrow",8,0.195999999999998
"9","arrow",9,1.033
"10","arrow",10,0.136000000000003
