"","pkg","q","time"
"1","duckplyr",1,0.072000000000001
"2","duckplyr",2,0.0199999999999996
"3","duckplyr",3,0.0510000000000019
"4","duckplyr",4,0.036999999999999
"5","duckplyr",5,0.0539999999999985
"6","duckplyr",6,0.027000000000001
"7","duckplyr",7,0.0769999999999982
"8","duckplyr",8,0.0670000000000002
"9","duckplyr",9,0.0330000000000013
"10","duckplyr",10,0.0459999999999994
