"","pkg","q","time"
"1","dplyr",1,0.939
"2","dplyr",2,0.131
"3","dplyr",3,0.376999999999999
"4","dplyr",4,0.306000000000001
"5","dplyr",5,0.526
"6","dplyr",6,0.111000000000001
"7","dplyr",7,0.337
"8","dplyr",8,0.444000000000003
"9","dplyr",9,0.899999999999999
"10","dplyr",10,0.281000000000002
